citation_spec_path,anchor,short_ref,test_file,test_name,decl,directive,runs,file_runs,resolution,gate19_credits_it,gate_ref,scenario_excluded,line
openspec/specs/features-roadmap/spec.md,areas-summarise-before-they-expand,,tests/e2e/app-chrome.spec.ts,FeaturesRoadmapView compares dossiq and states the comparison limits,test,directive,yes,yes,resolves to a scenario,yes,features-roadmap::areas-summarise-before-they-expand,no,228
openspec/specs/features-roadmap/spec.md,a-reader-can-date-the-claim,,tests/e2e/app-chrome.spec.ts,FeaturesRoadmapView compares dossiq and states the comparison limits,test,directive,yes,yes,resolves to a scenario,yes,features-roadmap::a-reader-can-date-the-claim,no,229
openspec/specs/features-roadmap/spec.md,the-panel-advises-the-reader-to-test-for-themselves,,tests/e2e/app-chrome.spec.ts,FeaturesRoadmapView compares dossiq and states the comparison limits,test,directive,yes,yes,resolves to a scenario,yes,features-roadmap::the-panel-advises-the-reader-to-test-for-themselves,no,230
openspec/specs/features-roadmap/spec.md,the-panel-accounts-for-rows-a-later-round-added,,tests/e2e/app-chrome.spec.ts,FeaturesRoadmapView compares dossiq and states the comparison limits,test,directive,yes,yes,resolves to a scenario,yes,features-roadmap::the-panel-accounts-for-rows-a-later-round-added,no,231
openspec/specs/case-management/spec.md,a-handler-copies-a-case,,tests/e2e/case-actions-menu.spec.ts,a handler copies a case and lands on the copy,test,directive,yes,yes,resolves to a scenario,yes,case-management::a-handler-copies-a-case,no,193
openspec/specs/case-management/spec.md,documents-come-along-as-links,,tests/e2e/case-actions-menu.spec.ts,"documents come along as links, and the file exists once",test,directive,yes,yes,resolves to a scenario,yes,case-management::documents-come-along-as-links,no,256
openspec/specs/workflow-definition-engine/spec.md,the-start-list-follows-the-case-type,,tests/e2e/case-actions-menu.spec.ts,"Start lists the flows the case type allows, and nothing else",test,directive,yes,yes,resolves to a scenario,yes,workflow-definition-engine::the-start-list-follows-the-case-type,no,305
openspec/specs/workflow-definition-engine/spec.md,a-type-without-startable-flows-hides-start,,tests/e2e/case-actions-menu.spec.ts,a case type that allows none does not offer Start,test,directive,yes,yes,resolves to a scenario,yes,workflow-definition-engine::a-type-without-startable-flows-hides-start,no,327
openspec/specs/workflow-definition-engine/spec.md,a-planned-case-shows-on-the-tab,,tests/e2e/case-actions-menu.spec.ts,"a planned follow-up shows on the Related cases tab, and no case exists yet",test,directive,yes,yes,resolves to a scenario,yes,workflow-definition-engine::a-planned-case-shows-on-the-tab,no,344
openspec/specs/kcc-werkplek-zaaksysteem-bridge/spec.md,the-tab-lists-the-cases-contacts,,tests/e2e/case-communication.spec.ts,the tab lists this case contacts and not another case one,test,directive,yes,yes,resolves to a scenario,yes,kcc-werkplek-zaaksysteem-bridge::the-tab-lists-the-cases-contacts,no,202
openspec/specs/kcc-werkplek-zaaksysteem-bridge/spec.md,newest-first,,tests/e2e/case-communication.spec.ts,the newest contact is the first row,test,directive,yes,yes,resolves to a scenario,yes,kcc-werkplek-zaaksysteem-bridge::newest-first,no,232
openspec/specs/kcc-werkplek-zaaksysteem-bridge/spec.md,an-empty-case-still-shows-the-list,,tests/e2e/case-communication.spec.ts,a case without contacts shows the tab and its empty state,test,directive,yes,yes,resolves to a scenario,yes,kcc-werkplek-zaaksysteem-bridge::an-empty-case-still-shows-the-list,no,246
openspec/specs/kcc-werkplek-zaaksysteem-bridge/spec.md,the-form-does-not-ask-for-the-kcc-fields,,tests/e2e/case-communication.spec.ts,the Log contact form asks for five fields and none of the KCC ones,test,directive,yes,yes,resolves to a scenario,yes,kcc-werkplek-zaaksysteem-bridge::the-form-does-not-ask-for-the-kcc-fields,no,275
openspec/specs/kcc-werkplek-zaaksysteem-bridge/spec.md,the-form-never-asks-which-case,,tests/e2e/case-communication.spec.ts,the Log contact form asks for five fields and none of the KCC ones,test,directive,yes,yes,resolves to a scenario,yes,kcc-werkplek-zaaksysteem-bridge::the-form-never-asks-which-case,no,276
openspec/specs/kcc-werkplek-zaaksysteem-bridge/spec.md,a-contact-logged-on-the-case-carries-the-case,,tests/e2e/case-communication.spec.ts,a logged call carries the case and shows up in the tab,test,directive,yes,yes,resolves to a scenario,yes,kcc-werkplek-zaaksysteem-bridge::a-contact-logged-on-the-case-carries-the-case,no,309
openspec/specs/kcc-werkplek-zaaksysteem-bridge/spec.md,a-logged-call-shows-up-in-the-list,,tests/e2e/case-communication.spec.ts,a logged call carries the case and shows up in the tab,test,directive,yes,yes,resolves to a scenario,yes,kcc-werkplek-zaaksysteem-bridge::a-logged-call-shows-up-in-the-list,no,310
openspec/specs/friendly-case-create-form/spec.md,the-dialog-carries-no-schema-inspection-tabs,,tests/e2e/case-create-form.spec.ts,"opens the plain form, not the properties and JSON table",test,directive,yes,yes,resolves to a scenario,yes,friendly-case-create-form::the-dialog-carries-no-schema-inspection-tabs,no,232
openspec/specs/friendly-case-create-form/spec.md,the-dialog-asks-only-for-create-time-fields,,tests/e2e/case-create-form.spec.ts,asks only for the fields a handler fills,test,directive,yes,yes,resolves to a scenario,yes,friendly-case-create-form::the-dialog-asks-only-for-create-time-fields,no,245
openspec/specs/friendly-case-create-form/spec.md,choosing-a-case-type-adds-its-questions,,tests/e2e/case-create-form.spec.ts,"adds the chosen case type own questions, and drops them again on a change",test,directive,yes,yes,resolves to a scenario,yes,friendly-case-create-form::choosing-a-case-type-adds-its-questions,no,270
openspec/specs/friendly-case-create-form/spec.md,requirement-req-fcf-003-a-case-type-brings-its-own-questions,,tests/e2e/case-create-form.spec.ts,files a case with its case type answers,test,directive,yes,yes,the anchor matches no scenario in that spec,no,friendly-case-create-form::requirement-req-fcf-003-a-case-type-brings-its-own-questions,no,285
openspec/specs/friendly-case-create-form/spec.md,the-case-type-fills-the-title,,tests/e2e/case-create-form.spec.ts,fills the title the chosen case type already answers,test,directive,yes,yes,resolves to a scenario,yes,friendly-case-create-form::the-case-type-fills-the-title,no,360
openspec/specs/friendly-case-create-form/spec.md,a-typed-title-survives,,tests/e2e/case-create-form.spec.ts,leaves a title the handler typed alone,test,directive,yes,yes,resolves to a scenario,yes,friendly-case-create-form::a-typed-title-survives,no,388
openspec/specs/friendly-case-create-form/spec.md,the-starting-status-is-stored-but-never-asked-for,,tests/e2e/case-create-form.spec.ts,stores the case type starting status without asking for it,test,directive,yes,yes,resolves to a scenario,yes,friendly-case-create-form::the-starting-status-is-stored-but-never-asked-for,no,406
openspec/specs/friendly-case-create-form/spec.md,the-dialog-carries-no-schema-inspection-tabs,,tests/e2e/case-create-form.spec.ts,keeps Create disabled until a required case type question is answered,test,directive,yes,yes,resolves to a scenario,yes,friendly-case-create-form::the-dialog-carries-no-schema-inspection-tabs,no,445
openspec/specs/friendly-case-create-form/spec.md,the-create-form-uses-two-columns,,tests/e2e/case-create-form.spec.ts,lays the fields out in two columns,test,directive,yes,yes,resolves to a scenario,yes,friendly-case-create-form::the-create-form-uses-two-columns,no,467
openspec/specs/friendly-case-create-form/spec.md,requirement-req-fcf-006-the-dialog-reads-as-a-form-not-a-schema,,tests/e2e/case-create-form.spec.ts,"labels a case type question in words, not as an identifier",test,directive,yes,yes,the anchor matches no scenario in that spec,no,friendly-case-create-form::requirement-req-fcf-006-the-dialog-reads-as-a-form-not-a-schema,no,502
openspec/specs/friendly-case-create-form/spec.md,parent-case-is-an-edit-time-field,,tests/e2e/case-create-form.spec.ts,keeps parent case off the create form and on the case itself,test,directive,yes,yes,resolves to a scenario,yes,friendly-case-create-form::parent-case-is-an-edit-time-field,no,517
openspec/specs/case-dashboard-view/spec.md,the-progress-tile-is-gone,,tests/e2e/case-detail-kpis-and-tabs.spec.ts,"the identity row headlines the case, and the KPI tiles are gone",test,directive,yes,yes,resolves to a scenario,yes,case-dashboard-view::the-progress-tile-is-gone,no,174
openspec/specs/case-dashboard-view/spec.md,,,tests/e2e/case-detail-kpis-and-tabs.spec.ts,"the Data panel holds its content directly, with no card inside the card",test,directive,yes,yes,no anchor: cites a whole spec file,no,,no,409
openspec/specs/case-dashboard-view/spec.md,the-strip-holds-six-tabs-and-no-more,,tests/e2e/case-detail-kpis-and-tabs.spec.ts,"the strip holds exactly six tabs, in order, and no more",test,directive,yes,yes,resolves to a scenario,yes,case-dashboard-view::the-strip-holds-six-tabs-and-no-more,no,548
openspec/specs/ncvue-w2-leaves-adoption/spec.md,,,tests/e2e/case-detail-kpis-and-tabs.spec.ts,"the sidebar Notes tab renders the notes leaf, not an unknown element",test,directive,yes,yes,no anchor: cites a whole spec file,no,,no,849
openspec/specs/document-zaakdossier/spec.md,scenario-req-zak-004b-empty-dossier-shows-upload-cta-with-drag-and-drop-zone,,tests/e2e/case-documents.spec.ts,a case without documents says so and still offers upload,test,directive,yes,yes,resolves to a scenario,yes,document-zaakdossier::scenario-req-zak-004b-empty-dossier-shows-upload-cta-with-drag-and-drop-zone,no,490
openspec/specs/document-zaakdossier/spec.md,scenario-req-zak-006b-restore-is-disabled-for-definitief-documents,,tests/e2e/case-documents.spec.ts,"Versions on a row opens the panel, and restore is refused on a final document",test,directive,yes,yes,resolves to a scenario,yes,document-zaakdossier::scenario-req-zak-006b-restore-is-disabled-for-definitief-documents,no,640
openspec/specs/case-dashboard-view/spec.md,the-number-reads-under-the-title,,tests/e2e/case-header.spec.ts,"the case number, type, status and assignee read under the title",test,directive,yes,yes,resolves to a scenario,yes,case-dashboard-view::the-number-reads-under-the-title,no,146
openspec/specs/case-dashboard-view/spec.md,status-and-deadline-sit-in-the-header-row,,tests/e2e/case-header.spec.ts,the status badge and the overdue countdown sit in the row,test,directive,yes,yes,resolves to a scenario,yes,case-dashboard-view::status-and-deadline-sit-in-the-header-row,no,230
openspec/specs/case-dashboard-view/spec.md,a-case-without-a-status-or-a-deadline-still-has-a-header,,tests/e2e/case-header.spec.ts,a case with no status and no deadline still has a header,test,directive,yes,yes,resolves to a scenario,yes,case-dashboard-view::a-case-without-a-status-or-a-deadline-still-has-a-header,no,262
openspec/specs/case-dashboard-view/spec.md,no-trail-is-rendered,,tests/e2e/case-header.spec.ts,renders no breadcrumb trail above the case title,test,directive,yes,yes,resolves to a scenario,yes,case-dashboard-view::no-trail-is-rendered,no,287
openspec/specs/case-dashboard-view/spec.md,the-strip-holds-six-tabs-and-no-more,,tests/e2e/case-header.spec.ts,"the work tabs ARE the strip, in order, with nothing after them",test,directive,yes,yes,resolves to a scenario,yes,case-dashboard-view::the-strip-holds-six-tabs-and-no-more,no,321
openspec/specs/case-dashboard-view/spec.md,the-six-tabs-fit-a-laptop-screen,,tests/e2e/case-header.spec.ts,"every work tab is reachable at 1024, with the strip above the fold",test,directive,yes,yes,resolves to a scenario,yes,case-dashboard-view::the-six-tabs-fit-a-laptop-screen,no,341
openspec/changes/hours-onto-humaniq-leaf/specs/case-hours-via-humaniq-leaf/spec.md,the-surface-is-absent-when-humaniq-is,,tests/e2e/case-hours-leaf.spec.ts,the page renders its own widgets and no hours surface at all,test,directive,yes,yes,"cites openspec/changes/**, which gate-19 does not parse",no,,no,392
openspec/changes/hours-onto-humaniq-leaf/specs/case-hours-via-humaniq-leaf/spec.md,no-cross-app-register-query-survives,,tests/e2e/case-hours-leaf.spec.ts,the page asks humaniq for nothing,test,directive,yes,yes,"cites openspec/changes/**, which gate-19 does not parse",no,,no,439
openspec/changes/hours-onto-humaniq-leaf/specs/case-hours-via-humaniq-leaf/spec.md,hours-render-on-a-case-with-humaniq-installed,,tests/e2e/case-hours-leaf.spec.ts,the tile leads with the hours on the case and the caller's own beneath,test,directive,yes,yes,"cites openspec/changes/**, which gate-19 does not parse",no,,no,505
openspec/changes/hours-onto-humaniq-leaf/specs/case-hours-via-humaniq-leaf/spec.md,the-leaf-reads-the-right-case,,tests/e2e/case-hours-leaf.spec.ts,booking hours through the dialog raises the headline,test,directive,yes,yes,"cites openspec/changes/**, which gate-19 does not parse",no,,no,607
openspec/changes/hours-onto-humaniq-leaf/specs/case-hours-via-humaniq-leaf/spec.md,hours-render-on-a-case-with-humaniq-installed,,tests/e2e/case-hours-leaf.spec.ts,"a running timer survives a reload, and stopping it returns the figures",test,directive,yes,yes,"cites openspec/changes/**, which gate-19 does not parse",no,,no,655
openspec/specs/case-management/spec.md,,,tests/e2e/case-identity.spec.ts,a case posted to the API is numbered in the year of its start date,test,directive,yes,yes,no anchor: cites a whole spec file,no,,no,250
openspec/specs/case-management/spec.md,,,tests/e2e/case-identity.spec.ts,an existing number survives an edit to the case,test,directive,yes,yes,no anchor: cites a whole spec file,no,,no,269
openspec/specs/case-management/spec.md,,,tests/e2e/case-identity.spec.ts,"the New case form asks for no number, and the case gets the next one",test,directive,yes,yes,no anchor: cites a whole spec file,no,,no,279
openspec/specs/case-management/spec.md,,,tests/e2e/case-identity.spec.ts,a tag added in the sidebar is on the case after a reload,test,directive,yes,yes,no anchor: cites a whole spec file,no,,no,345
openspec/specs/case-management/spec.md,,,tests/e2e/case-identity.spec.ts,"the Cases index filters on a tag, and offers the filter",test,directive,yes,yes,no anchor: cites a whole spec file,no,,no,431
openspec/specs/case-management/spec.md,,,tests/e2e/case-identity.spec.ts,"the case shows its lead time, legal basis and archive nomination",test,directive,yes,yes,no anchor: cites a whole spec file,no,,no,481
openspec/specs/case-management/spec.md,,,tests/e2e/case-identity.spec.ts,"an archival fact the case does not carry is shown empty, not hidden",test,directive,yes,yes,no anchor: cites a whole spec file,no,,no,530
openspec/specs/status-transition-engine/spec.md,display-available-transitions-on-case-detail,,tests/e2e/case-lifecycle-on-the-page.spec.ts,the header row lists only the transitions this user may take,test,directive,yes,yes,resolves to a scenario,yes,status-transition-engine::display-available-transitions-on-case-detail,yes,255
openspec/specs/status-transition-engine/spec.md,no-transitions-available,,tests/e2e/case-lifecycle-on-the-page.spec.ts,a closed case offers no transitions and says it is closed,test,directive,yes,yes,resolves to a scenario,yes,status-transition-engine::no-transitions-available,yes,274
openspec/specs/status-transition-engine/spec.md,a-handler-advances-a-case,,tests/e2e/case-lifecycle-on-the-page.spec.ts,a handler advances the case and the strip re-reads it,test,directive,yes,yes,resolves to a scenario,yes,status-transition-engine::a-handler-advances-a-case,yes,288
openspec/specs/status-transition-engine/spec.md,required-document-guard-evaluation,,tests/e2e/case-lifecycle-on-the-page.spec.ts,a failed guard disables the button and names what is missing,test,directive,yes,yes,resolves to a scenario,yes,status-transition-engine::required-document-guard-evaluation,yes,333
openspec/specs/status-transition-engine/spec.md,a-final-transition-records-a-result,,tests/e2e/case-lifecycle-on-the-page.spec.ts,closing the case records the result that was picked,test,directive,yes,yes,resolves to a scenario,yes,status-transition-engine::a-final-transition-records-a-result,yes,366
openspec/specs/status-transition-engine/spec.md,no-result-no-close,,tests/e2e/case-lifecycle-on-the-page.spec.ts,the confirm button stays disabled until a result is picked,test,directive,yes,yes,resolves to a scenario,yes,status-transition-engine::no-result-no-close,yes,391
openspec/specs/status-transition-engine/spec.md,suspend-then-resume,,tests/e2e/case-lifecycle-on-the-page.spec.ts,suspend puts the marker and Resume in front of the handler,test,directive,yes,yes,resolves to a scenario,yes,status-transition-engine::suspend-then-resume,yes,411
openspec/specs/status-transition-engine/spec.md,extend-the-term,,tests/e2e/case-lifecycle-on-the-page.spec.ts,extending the term moves the end date by the case type period,test,directive,yes,yes,resolves to a scenario,yes,status-transition-engine::extend-the-term,yes,444
openspec/specs/status-transition-engine/spec.md,reopen-a-closed-case,,tests/e2e/case-lifecycle-on-the-page.spec.ts,reopening a closed case returns it to the first status,test,directive,yes,yes,resolves to a scenario,yes,status-transition-engine::reopen-a-closed-case,yes,491
openspec/specs/case-dashboard-view/spec.md,the-current-step-is-marked,,tests/e2e/case-lifecycle-on-the-page.spec.ts,the stepper marks the step the case is in,test,directive,yes,yes,resolves to a scenario,yes,case-dashboard-view::the-current-step-is-marked,no,533
openspec/specs/case-dashboard-view/spec.md,the-stepper-follows-a-transition,,tests/e2e/case-lifecycle-on-the-page.spec.ts,the stepper follows a transition without a reload,test,directive,yes,yes,resolves to a scenario,yes,case-dashboard-view::the-stepper-follows-a-transition,no,553
openspec/specs/my-work/spec.md,,,tests/e2e/case-list-lenses.spec.ts,"All is the lens you land on, and Mine is one click away",test,directive,yes,yes,no anchor: cites a whole spec file,no,,no,512
openspec/specs/my-work/spec.md,,,tests/e2e/case-list-lenses.spec.ts,"Unclaimed shows what nobody has picked up, and the Queue agrees",test,directive,yes,yes,no anchor: cites a whole spec file,no,,no,532
openspec/specs/my-work/spec.md,,,tests/e2e/case-list-lenses.spec.ts,All shows the other person's case and the closed one,test,directive,yes,yes,no anchor: cites a whole spec file,no,,no,554
openspec/specs/my-work/spec.md,,,tests/e2e/case-list-lenses.spec.ts,choosing a chip replaces the previous one rather than stacking,test,directive,yes,yes,no anchor: cites a whole spec file,no,,no,569
openspec/specs/case-management/spec.md,,,tests/e2e/case-list-lenses.spec.ts,a closed case leaves Mine,test,directive,yes,yes,no anchor: cites a whole spec file,no,,no,597
openspec/specs/case-management/spec.md,,,tests/e2e/case-list-lenses.spec.ts,Closed shows the closed case and not the open one,test,directive,yes,yes,no anchor: cites a whole spec file,no,,no,607
openspec/specs/signalering-widgets/spec.md,,,tests/e2e/case-list-lenses.spec.ts,the Deadline cell counts the days left,test,directive,yes,yes,no anchor: cites a whole spec file,no,,no,621
openspec/specs/signalering-widgets/spec.md,,,tests/e2e/case-list-lenses.spec.ts,"a past deadline reads as overdue, and carries the overdue class",test,directive,yes,yes,no anchor: cites a whole spec file,no,,no,635
openspec/specs/signalering-widgets/spec.md,,,tests/e2e/case-list-lenses.spec.ts,Overdue shows the open overdue case only,test,directive,yes,yes,no anchor: cites a whole spec file,no,,no,653
openspec/specs/case-management/spec.md,,,tests/e2e/case-list-lenses.spec.ts,Due this week shows the case due in three days and neither neighbour,test,directive,yes,yes,no anchor: cites a whole spec file,no,,no,664
openspec/specs/signalering-widgets/spec.md,,,tests/e2e/case-list-lenses.spec.ts,the Overdue stat tile links to exactly the Overdue chip filter,test,directive,yes,yes,no anchor: cites a whole spec file,no,,no,683
openspec/specs/task-management/spec.md,,,tests/e2e/case-list-lenses.spec.ts,the Tasks index lands on All and offers Mine,test,directive,yes,yes,no anchor: cites a whole spec file,no,,no,720
openspec/specs/task-management/spec.md,,,tests/e2e/case-list-lenses.spec.ts,Unclaimed on Tasks shows the open task nobody holds,test,directive,yes,yes,no anchor: cites a whole spec file,no,,no,735
openspec/specs/task-management/spec.md,,,tests/e2e/case-list-lenses.spec.ts,All on Tasks shows the completed task too,test,directive,yes,yes,no anchor: cites a whole spec file,no,,no,749
openspec/specs/task-management/spec.md,,,tests/e2e/case-list-lenses.spec.ts,Closed on Tasks shows the completed task and not the open one,test,directive,yes,yes,no anchor: cites a whole spec file,no,,no,762
openspec/specs/task-management/spec.md,,,tests/e2e/case-list-lenses.spec.ts,Overdue on Tasks leaves out the task due later today,test,directive,yes,yes,no anchor: cites a whole spec file,no,,no,774
openspec/specs/task-management/spec.md,,,tests/e2e/case-list-lenses.spec.ts,Due this week on Tasks holds both edges of the window,test,directive,yes,yes,no anchor: cites a whole spec file,no,,no,792
openspec/specs/task-management/spec.md,,,tests/e2e/case-list-lenses.spec.ts,the task row shows the priority REQ-TASK-004 has always asked for,test,directive,yes,yes,no anchor: cites a whole spec file,no,,no,819
openspec/specs/case-bulk-status-transition/spec.md,,,tests/e2e/case-list-lenses.spec.ts,"Transition moves the selection, with a reason",test,directive,yes,yes,no anchor: cites a whole spec file,no,,no,949
openspec/specs/case-bulk-status-transition/spec.md,,,tests/e2e/case-list-lenses.spec.ts,"no reason, no execute",test,directive,yes,yes,no anchor: cites a whole spec file,no,,no,986
openspec/specs/case-bulk-status-transition/spec.md,,,tests/e2e/case-list-lenses.spec.ts,"Suspend then Resume, each with its reason",test,directive,yes,yes,no anchor: cites a whole spec file,no,,no,1003
openspec/specs/case-bulk-status-transition/spec.md,,,tests/e2e/case-list-lenses.spec.ts,"Extend term writes the new end date, and leaves the Deadline column alone",test,directive,yes,yes,no anchor: cites a whole spec file,no,,no,1050
openspec/specs/case-bulk-status-transition/spec.md,,,tests/e2e/case-list-lenses.spec.ts,the Cases list offers all five bulk actions on a selection,test,directive,yes,yes,no anchor: cites a whole spec file,no,,no,1088
openspec/specs/case-management/spec.md,the-tab-lists-the-cases-objects,,tests/e2e/case-objects.spec.ts,the tab lists this case objects and not another case one,test,directive,yes,yes,resolves to a scenario,yes,case-management::the-tab-lists-the-cases-objects,no,269
openspec/specs/case-management/spec.md,the-tab-lists-the-cases-objects,case-management::the-tab-lists-the-cases-objects,tests/e2e/case-objects.spec.ts,the tab lists this case objects and not another case one,test,directive,yes,yes,short form (spec::slug),yes,case-management::the-tab-lists-the-cases-objects,no,270
openspec/specs/case-management/spec.md,an-empty-case-shows-the-tab,,tests/e2e/case-objects.spec.ts,"a case without objects shows the tab, its empty state and the way out",test,directive,yes,yes,resolves to a scenario,yes,case-management::an-empty-case-shows-the-tab,no,297
openspec/specs/case-management/spec.md,an-empty-case-shows-the-tab,case-management::an-empty-case-shows-the-tab,tests/e2e/case-objects.spec.ts,"a case without objects shows the tab, its empty state and the way out",test,directive,yes,yes,short form (spec::slug),yes,case-management::an-empty-case-shows-the-tab,no,298
openspec/specs/case-management/spec.md,a-linked-object-shows-up-in-the-tab,,tests/e2e/case-objects.spec.ts,an object linked from the case carries that case and shows up in the tab,test,directive,yes,yes,resolves to a scenario,yes,case-management::a-linked-object-shows-up-in-the-tab,no,377
openspec/specs/case-management/spec.md,a-linked-object-shows-up-in-the-tab,case-management::a-linked-object-shows-up-in-the-tab,tests/e2e/case-objects.spec.ts,an object linked from the case carries that case and shows up in the tab,test,directive,yes,yes,short form (spec::slug),yes,case-management::a-linked-object-shows-up-in-the-tab,no,378
openspec/specs/case-management/spec.md,a-link-without-an-object-type-is-refused,,tests/e2e/case-objects.spec.ts,a link without an object type cannot be saved and the field is marked,test,directive,yes,yes,resolves to a scenario,yes,case-management::a-link-without-an-object-type-is-refused,no,437
openspec/specs/case-management/spec.md,a-link-without-an-object-type-is-refused,case-management::a-link-without-an-object-type-is-refused,tests/e2e/case-objects.spec.ts,a link without an object type cannot be saved and the field is marked,test,directive,yes,yes,short form (spec::slug),yes,case-management::a-link-without-an-object-type-is-refused,no,438
openspec/specs/case-management/spec.md,one-building-two-cases,,tests/e2e/case-objects.spec.ts,the index finds one building on two cases and leaves the vehicle out,test,directive,yes,yes,resolves to a scenario,yes,case-management::one-building-two-cases,no,498
openspec/specs/case-management/spec.md,one-building-two-cases,case-management::one-building-two-cases,tests/e2e/case-objects.spec.ts,the index finds one building on two cases and leaves the vehicle out,test,directive,yes,yes,short form (spec::slug),yes,case-management::one-building-two-cases,no,499
openspec/specs/case-management/spec.md,a-row-opens-its-case,,tests/e2e/case-objects.spec.ts,"View case on a row opens that row case, not the row",test,directive,yes,yes,resolves to a scenario,yes,case-management::a-row-opens-its-case,no,524
openspec/specs/case-management/spec.md,a-row-opens-its-case,case-management::a-row-opens-its-case,tests/e2e/case-objects.spec.ts,"View case on a row opens that row case, not the row",test,directive,yes,yes,short form (spec::slug),yes,case-management::a-row-opens-its-case,no,525
openspec/specs/case-management/spec.md,the-sidebar-groups-by-object-type,,tests/e2e/case-objects.spec.ts,the sidebar groups by object type and All objects brings every row back,test,directive,yes,yes,resolves to a scenario,yes,case-management::the-sidebar-groups-by-object-type,no,558
openspec/specs/case-management/spec.md,the-sidebar-groups-by-object-type,case-management::the-sidebar-groups-by-object-type,tests/e2e/case-objects.spec.ts,the sidebar groups by object type and All objects brings every row back,test,directive,yes,yes,short form (spec::slug),yes,case-management::the-sidebar-groups-by-object-type,no,559
openspec/specs/roles-decisions/spec.md,parties-visible-on-the-case,,tests/e2e/case-parties.spec.ts,"the tab lists this case parties with their delegation, and not another case one",test,directive,yes,yes,resolves to a scenario,yes,roles-decisions::parties-visible-on-the-case,no,352
openspec/specs/roles-decisions/spec.md,parties-visible-on-the-case,roles-decisions::parties-visible-on-the-case,tests/e2e/case-parties.spec.ts,"the tab lists this case parties with their delegation, and not another case one",test,directive,yes,yes,short form (spec::slug),yes,roles-decisions::parties-visible-on-the-case,no,353
openspec/specs/roles-decisions/spec.md,a-case-without-parties-says-so,,tests/e2e/case-parties.spec.ts,a case without parties shows the empty state and the Add party action,test,directive,yes,yes,resolves to a scenario,yes,roles-decisions::a-case-without-parties-says-so,no,416
openspec/specs/roles-decisions/spec.md,a-case-without-parties-says-so,roles-decisions::a-case-without-parties-says-so,tests/e2e/case-parties.spec.ts,a case without parties shows the empty state and the Add party action,test,directive,yes,yes,short form (spec::slug),yes,roles-decisions::a-case-without-parties-says-so,no,417
openspec/specs/roles-decisions/spec.md,add-a-party-with-the-case-prefilled,,tests/e2e/case-parties.spec.ts,a party added from the case carries that case and shows up in the tab,test,directive,yes,yes,resolves to a scenario,yes,roles-decisions::add-a-party-with-the-case-prefilled,no,487
openspec/specs/roles-decisions/spec.md,add-a-party-with-the-case-prefilled,roles-decisions::add-a-party-with-the-case-prefilled,tests/e2e/case-parties.spec.ts,a party added from the case carries that case and shows up in the tab,test,directive,yes,yes,short form (spec::slug),yes,roles-decisions::add-a-party-with-the-case-prefilled,no,488
openspec/specs/role-routing-via-or-rbac/spec.md,assign-a-case-to-a-team,,tests/e2e/case-parties.spec.ts,a team picked on the case page is stored and shows in the Team column,test,directive,yes,yes,resolves to a scenario,yes,role-routing-via-or-rbac::assign-a-case-to-a-team,no,556
openspec/specs/role-routing-via-or-rbac/spec.md,assign-a-case-to-a-team,role-routing-via-or-rbac::assign-a-case-to-a-team,tests/e2e/case-parties.spec.ts,a team picked on the case page is stored and shows in the Team column,test,directive,yes,yes,short form (spec::slug),yes,role-routing-via-or-rbac::assign-a-case-to-a-team,no,557
openspec/specs/role-routing-via-or-rbac/spec.md,assign-a-case-to-a-team,,tests/e2e/case-parties.spec.ts,a case with a team shows it in the Team column and keeps its assignee,test,directive,yes,yes,resolves to a scenario,yes,role-routing-via-or-rbac::assign-a-case-to-a-team,no,654
openspec/specs/role-routing-via-or-rbac/spec.md,assign-a-case-to-a-team,role-routing-via-or-rbac::assign-a-case-to-a-team,tests/e2e/case-parties.spec.ts,a case with a team shows it in the Team column and keeps its assignee,test,directive,yes,yes,short form (spec::slug),yes,role-routing-via-or-rbac::assign-a-case-to-a-team,no,655
openspec/specs/role-routing-via-or-rbac/spec.md,assign-a-case-to-a-team,,tests/e2e/case-parties.spec.ts,the Team facet lists the team with a count of one,test,directive,yes,yes,resolves to a scenario,yes,role-routing-via-or-rbac::assign-a-case-to-a-team,no,687
openspec/specs/role-routing-via-or-rbac/spec.md,assign-a-case-to-a-team,role-routing-via-or-rbac::assign-a-case-to-a-team,tests/e2e/case-parties.spec.ts,the Team facet lists the team with a count of one,test,directive,yes,yes,short form (spec::slug),yes,role-routing-via-or-rbac::assign-a-case-to-a-team,no,688
openspec/specs/role-routing-via-or-rbac/spec.md,mine-shows-only-my-cases,,tests/e2e/case-parties.spec.ts,the Mine chip narrows the list to my own cases,test,directive,yes,yes,resolves to a scenario,yes,role-routing-via-or-rbac::mine-shows-only-my-cases,no,792
openspec/specs/role-routing-via-or-rbac/spec.md,mine-shows-only-my-cases,role-routing-via-or-rbac::mine-shows-only-my-cases,tests/e2e/case-parties.spec.ts,the Mine chip narrows the list to my own cases,test,directive,yes,yes,short form (spec::slug),yes,role-routing-via-or-rbac::mine-shows-only-my-cases,no,793
openspec/specs/initiator-selection/spec.md,,,tests/e2e/case-requester.spec.ts,"the New case form asks for a requester, and the field is enabled",test,directive,yes,yes,no anchor: cites a whole spec file,no,,no,294
openspec/specs/initiator-selection/spec.md,,,tests/e2e/case-requester.spec.ts,"the edit form carries the requester field, enabled",test,directive,yes,yes,no anchor: cites a whole spec file,no,,no,341
openspec/specs/initiator-selection/spec.md,,,tests/e2e/case-requester.spec.ts,a case saved with only the reference gains its projection,test,directive,yes,yes,no anchor: cites a whole spec file,no,,no,370
openspec/specs/initiator-display/spec.md,,,tests/e2e/case-requester.spec.ts,"the case page names the person, the number and the address",test,directive,yes,yes,no anchor: cites a whole spec file,no,,no,434
openspec/specs/initiator-display/spec.md,,,tests/e2e/case-requester.spec.ts,a company card links to the KvK record,test,directive,yes,yes,no anchor: cites a whole spec file,no,,no,467
openspec/specs/initiator-display/spec.md,,,tests/e2e/case-requester.spec.ts,a case without a requester shows no card,test,directive,yes,yes,no anchor: cites a whole spec file,no,,no,489
openspec/specs/initiator-display/spec.md,,,tests/e2e/case-requester.spec.ts,the requester is a column on the case list,test,directive,yes,yes,no anchor: cites a whole spec file,no,,no,525
openspec/specs/initiator-display/spec.md,,,tests/e2e/case-requester.spec.ts,the list filters on the requester name,test,directive,yes,yes,no anchor: cites a whole spec file,no,,no,555
openspec/specs/initiator-display/spec.md,,,tests/e2e/case-requester.spec.ts,"a protected BSN is masked, and a reveal is one logged read",test,directive,yes,yes,no anchor: cites a whole spec file,no,,no,615
openspec/specs/initiator-display/spec.md,,,tests/e2e/case-requester.spec.ts,an unprotected person is not masked,test,directive,yes,yes,no anchor: cites a whole spec file,no,,no,650
openspec/specs/task-management/spec.md,the-open-task-shows-its-buttons-on-the-case,,tests/e2e/case-task-pane.spec.ts,"the open task shows its lifecycle buttons on the case, with the next one listed under it",test,directive,yes,yes,resolves to a scenario,yes,task-management::the-open-task-shows-its-buttons-on-the-case,no,369
openspec/specs/task-management/spec.md,the-open-task-shows-its-buttons-on-the-case,task-management::the-open-task-shows-its-buttons-on-the-case,tests/e2e/case-task-pane.spec.ts,"the open task shows its lifecycle buttons on the case, with the next one listed under it",test,directive,yes,yes,short form (spec::slug),yes,task-management::the-open-task-shows-its-buttons-on-the-case,no,370
openspec/specs/task-management/spec.md,completing-the-task-confirms-and-shows-the-next-one,,tests/e2e/case-task-pane.spec.ts,"completing the task confirms it by name, stays on the case and shows the next task",test,directive,yes,yes,resolves to a scenario,yes,task-management::completing-the-task-confirms-and-shows-the-next-one,no,396
openspec/specs/task-management/spec.md,completing-the-task-confirms-and-shows-the-next-one,task-management::completing-the-task-confirms-and-shows-the-next-one,tests/e2e/case-task-pane.spec.ts,"completing the task confirms it by name, stays on the case and shows the next task",test,directive,yes,yes,short form (spec::slug),yes,task-management::completing-the-task-confirms-and-shows-the-next-one,no,397
openspec/specs/task-management/spec.md,the-last-task-leaves-an-empty-pane,,tests/e2e/case-task-pane.spec.ts,"the last task leaves the empty text, and View all shows it completed",test,directive,yes,yes,resolves to a scenario,yes,task-management::the-last-task-leaves-an-empty-pane,no,461
openspec/specs/task-management/spec.md,the-last-task-leaves-an-empty-pane,task-management::the-last-task-leaves-an-empty-pane,tests/e2e/case-task-pane.spec.ts,"the last task leaves the empty text, and View all shows it completed",test,directive,yes,yes,short form (spec::slug),yes,task-management::the-last-task-leaves-an-empty-pane,no,462
openspec/specs/task-management/spec.md,the-task-names-its-case-and-leads-back-to-it,,tests/e2e/case-task-pane.spec.ts,TaskDetailView names its case and following the link opens the case,test,directive,yes,yes,resolves to a scenario,yes,task-management::the-task-names-its-case-and-leads-back-to-it,no,496
openspec/specs/task-management/spec.md,the-task-names-its-case-and-leads-back-to-it,task-management::the-task-names-its-case-and-leads-back-to-it,tests/e2e/case-task-pane.spec.ts,TaskDetailView names its case and following the link opens the case,test,directive,yes,yes,short form (spec::slug),yes,task-management::the-task-names-its-case-and-leads-back-to-it,no,497
openspec/specs/case-dashboard-view/spec.md,one-history-tab-in-the-sidebar,,tests/e2e/case-timeline.spec.ts,the sidebar offers History and no version history,test,directive,yes,yes,resolves to a scenario,yes,case-dashboard-view::one-history-tab-in-the-sidebar,no,85
openspec/specs/case-dashboard-view/spec.md,the-newest-write-reads-first-with-its-actor,,tests/e2e/case-timeline.spec.ts,"the newest write reads first, with its actor",test,directive,yes,yes,resolves to a scenario,yes,case-dashboard-view::the-newest-write-reads-first-with-its-actor,no,97
openspec/specs/case-dashboard-view/spec.md,the-action-filter-narrows-to-updates,,tests/e2e/case-timeline.spec.ts,the Action filter narrows the list and never sits on Loading,test,directive,yes,yes,resolves to a scenario,yes,case-dashboard-view::the-action-filter-narrows-to-updates,no,153
openspec/specs/case-types/spec.md,a-coloured-status-shows-on-the-board,case-types::a-coloured-status-shows-on-the-board,tests/e2e/case-type-authoring-extras.spec.ts,a coloured status draws its board column in that colour,test,directive,yes,yes,short form (spec::slug),yes,case-types::a-coloured-status-shows-on-the-board,no,324
openspec/specs/case-types/spec.md,a-hidden-status-keeps-its-cases-out-of-the-list,case-types::a-hidden-status-keeps-its-cases-out-of-the-list,tests/e2e/case-type-authoring-extras.spec.ts,"a hidden status keeps its cases off the list, and Closed brings them back",test,directive,yes,yes,short form (spec::slug),yes,case-types::a-hidden-status-keeps-its-cases-out-of-the-list,no,352
openspec/specs/case-types/spec.md,,,tests/e2e/case-type-authoring-extras.spec.ts,the case page draws the current status in its status’s colour,test,directive,yes,yes,no anchor: cites a whole spec file,no,,no,384
openspec/specs/case-types/spec.md,a-child-shows-its-parents-statuses,case-types::a-child-shows-its-parents-statuses,tests/e2e/case-type-authoring-extras.spec.ts,"a child that declares nothing shows its parent’s four statuses, marked Inherited",test,directive,yes,yes,short form (spec::slug),yes,case-types::a-child-shows-its-parents-statuses,no,407
openspec/specs/case-types/spec.md,,,tests/e2e/case-type-authoring-extras.spec.ts,a child’s own deadline beats its parent’s,test,directive,yes,yes,no anchor: cites a whole spec file,no,,no,431
openspec/specs/case-types/spec.md,,,tests/e2e/case-type-authoring-extras.spec.ts,"a parent that descends from the type is refused, and the message names the cycle",test,directive,yes,yes,no anchor: cites a whole spec file,no,,no,463
openspec/specs/property-definition-management/spec.md,,,tests/e2e/case-type-authoring-extras.spec.ts,picking a folder narrows the Case types index to that category,test,directive,yes,yes,no anchor: cites a whole spec file,no,,no,527
openspec/specs/property-definition-management/spec.md,,,tests/e2e/case-type-authoring-extras.spec.ts,"an attribute saved without a case type is listed on every type, marked Shared",test,directive,yes,yes,no anchor: cites a whole spec file,no,,no,612
openspec/specs/avg-verwerkingenlogging/spec.md,,,tests/e2e/case-type-authoring-extras.spec.ts,the personal data block reads back the categories and the basis,test,directive,yes,yes,no anchor: cites a whole spec file,no,,no,634
openspec/specs/workflow-import-export/spec.md,,,tests/e2e/case-type-authoring-extras.spec.ts,Export starts a download whose name carries the type’s identifier,test,directive,yes,yes,no anchor: cites a whole spec file,no,,no,653
openspec/specs/workflow-import-export/spec.md,,,tests/e2e/case-type-authoring-extras.spec.ts,"Duplicate lands you on the copy, with the same statuses",test,directive,yes,yes,no anchor: cites a whole spec file,no,,no,669
openspec/specs/zaaktype-versioning/spec.md,,,tests/e2e/case-type-authoring-extras.spec.ts,a draft with findings lists them and stays a draft,test,directive,yes,yes,no anchor: cites a whole spec file,no,,no,702
openspec/specs/zaaktype-versioning/spec.md,,,tests/e2e/case-type-authoring-extras.spec.ts,"a valid draft is published with its change note, and the version says so",test,directive,yes,yes,no anchor: cites a whole spec file,no,,no,724
openspec/specs/case-types/spec.md,the-create-form-asks-the-twelve-authoring-fields-and-not-the-rest,case-types::the-create-form-asks-the-twelve-authoring-fields-and-not-the-rest,tests/e2e/case-type-create-form.spec.ts,asks the twelve authoring fields and not the other twenty-nine,test,directive,yes,yes,short form (spec::slug),yes,case-types::the-create-form-asks-the-twelve-authoring-fields-and-not-the-rest,no,126
openspec/specs/case-types/spec.md,the-starting-status-is-not-asked-for-at-create-time,case-types::the-starting-status-is-not-asked-for-at-create-time,tests/e2e/case-type-create-form.spec.ts,asks the twelve authoring fields and not the other twenty-nine,test,directive,yes,yes,short form (spec::slug),yes,case-types::the-starting-status-is-not-asked-for-at-create-time,no,127
openspec/specs/case-types/spec.md,the-form-opens-on-the-title-rather-than-alphabetically,case-types::the-form-opens-on-the-title-rather-than-alphabetically,tests/e2e/case-type-create-form.spec.ts,opens on the title rather than alphabetically,test,directive,yes,yes,short form (spec::slug),yes,case-types::the-form-opens-on-the-title-rather-than-alphabetically,no,148
openspec/specs/case-types/spec.md,the-fields-are-laid-out-in-two-columns,case-types::the-fields-are-laid-out-in-two-columns,tests/e2e/case-type-create-form.spec.ts,lays the fields out in two columns,test,directive,yes,yes,short form (spec::slug),yes,case-types::the-fields-are-laid-out-in-two-columns,no,165
openspec/specs/case-types/spec.md,the-fields-are-laid-out-in-two-columns,case-types::the-fields-are-laid-out-in-two-columns,tests/e2e/case-type-create-form.spec.ts,gives the three prose fields the full width,test,directive,yes,yes,short form (spec::slug),yes,case-types::the-fields-are-laid-out-in-two-columns,no,185
openspec/changes/archive/2026-06-13-case-types-04-property-doc-decision-tabs/tasks.md,TASK-CT-13,,tests/e2e/case-type-edit-and-setup.spec.ts,every entry in the row menu has a visible label,test,directive,yes,yes,"cites openspec/changes/**, which gate-19 does not parse",no,,no,142
openspec/changes/archive/2026-06-13-case-types-04-property-doc-decision-tabs/tasks.md,TASK-CT-13,,tests/e2e/case-type-edit-and-setup.spec.ts,the menu offers View and Edit exactly once each,test,directive,yes,yes,"cites openspec/changes/**, which gate-19 does not parse",no,,no,162
openspec/changes/archive/2026-06-13-case-types-04-property-doc-decision-tabs/tasks.md,TASK-CT-13,,tests/e2e/case-type-edit-and-setup.spec.ts,Edit navigates to the case type detail route,test,directive,yes,yes,"cites openspec/changes/**, which gate-19 does not parse",no,,no,179
openspec/changes/archive/2026-06-13-case-types-04-property-doc-decision-tabs/tasks.md,TASK-CT-13,,tests/e2e/case-type-edit-and-setup.spec.ts,Edit does not open a dialog over the index,test,directive,yes,yes,"cites openspec/changes/**, which gate-19 does not parse",no,,no,191
openspec/changes/archive/2026-06-13-case-types-04-property-doc-decision-tabs/tasks.md,TASK-CT-13,,tests/e2e/case-type-edit-and-setup.spec.ts,the detail page offers an Edit button,test,directive,yes,yes,"cites openspec/changes/**, which gate-19 does not parse",no,,no,213
openspec/changes/archive/2026-06-13-case-types-04-property-doc-decision-tabs/tasks.md,TASK-CT-13,,tests/e2e/case-type-edit-and-setup.spec.ts,the Edit button opens the record form,test,directive,yes,yes,"cites openspec/changes/**, which gate-19 does not parse",no,,no,230
openspec/specs/first-time-setup/spec.md,,,tests/e2e/case-type-edit-and-setup.spec.ts,"the server reports every actionable step, and reports the optional ones as outstanding",test,directive,yes,yes,no anchor: cites a whole spec file,no,,no,247
openspec/specs/first-time-setup/spec.md,,,tests/e2e/case-type-edit-and-setup.spec.ts,a completed wizard does not keep the optional secret step outstanding,test,directive,yes,yes,no anchor: cites a whole spec file,no,,no,266
openspec/specs/first-time-setup/spec.md,,,tests/e2e/case-type-edit-and-setup.spec.ts,a completed wizard stays closed on a fresh browser profile,test,directive,yes,yes,no anchor: cites a whole spec file,no,,no,294
openspec/specs/first-time-setup/spec.md,,,tests/e2e/case-type-edit-and-setup.spec.ts,the wizard opens exactly when an optional step is outstanding,test,directive,yes,yes,no anchor: cites a whole spec file,no,,no,360
//,,,tests/e2e/case-type-edit-and-setup.spec.ts,the wizard offers no step the seed action cannot fulfil,test,prose-mention,yes,yes,"no anchor, and the file does not exist",no,,no,425
openspec/specs/first-time-setup/spec.md,,,tests/e2e/case-type-edit-and-setup.spec.ts,the tour a user actually gets includes the Case types and Flows stops,test,directive,yes,yes,no anchor: cites a whole spec file,no,,no,496
openspec/specs/first-time-setup/spec.md,,,tests/e2e/case-type-edit-and-setup.spec.ts,"the tour opens for a user who has not seen it, and offers all seven steps",test,directive,yes,yes,no anchor: cites a whole spec file,no,,no,517
openspec/specs/first-time-setup/spec.md,,,tests/e2e/case-type-edit-and-setup.spec.ts,neither new stop forces the user to create anything,test,directive,yes,yes,no anchor: cites a whole spec file,no,,no,587
openspec/specs/first-time-setup/spec.md,,,tests/e2e/case-type-edit-and-setup.spec.ts,both new stops can actually anchor to their nav item,test,directive,yes,yes,no anchor: cites a whole spec file,no,,no,611
openspec/specs/case-types/spec.md,a-cycle-is-refused,case-types::a-cycle-is-refused,tests/e2e/case-type-parent-chain.spec.ts,"setting a parent that descends from the type is refused on save, naming the loop",test,directive,yes,yes,short form (spec::slug),yes,case-types::a-cycle-is-refused,no,170
openspec/specs/case-types/spec.md,a-child-inherits-a-deadline-it-does-not-declare,case-types::a-child-inherits-a-deadline-it-does-not-declare,tests/e2e/case-type-parent-chain.spec.ts,a case filed on a child that sets no deadline is due on its parent’s term,test,directive,yes,yes,short form (spec::slug),yes,case-types::a-child-inherits-a-deadline-it-does-not-declare,no,211
openspec/specs/case-types/spec.md,a-functional-administrator-gives-a-status-a-colour-and-a-role,case-types::a-functional-administrator-gives-a-status-a-colour-and-a-role,tests/e2e/case-type-status-authoring.spec.ts,a colour and a role picked on the Statuses tab reach the row and a flow,test,directive,yes,yes,short form (spec::slug),yes,case-types::a-functional-administrator-gives-a-status-a-colour-and-a-role,no,453
openspec/specs/case-types/spec.md,a-status-asks-for-a-checklist,case-types::a-status-asks-for-a-checklist,tests/e2e/case-type-status-authoring.spec.ts,a required checklist item saved on a status becomes a task on the case,test,directive,yes,yes,short form (spec::slug),yes,case-types::a-status-asks-for-a-checklist,no,531
openspec/specs/case-types/spec.md,a-child-overrides-one-deadline,case-types::a-child-overrides-one-deadline,tests/e2e/case-type-status-authoring.spec.ts,"a case filed on a child type is due six weeks after it starts, not twelve",test,directive,yes,yes,short form (spec::slug),yes,case-types::a-child-overrides-one-deadline,no,583
openspec/specs/admin-settings/spec.md,admin-settings-page-is-accessible,,tests/e2e/case-types-tabs.spec.ts,admin settings surface renders the Case Type Management heading,test,directive,yes,yes,resolves to a scenario,yes,admin-settings::admin-settings-page-is-accessible,no,25
openspec/specs/admin-settings/spec.md,empty-case-type-list,,tests/e2e/case-types-tabs.spec.ts,admin settings surface has an add-control for case types,test,directive,yes,yes,resolves to a scenario,yes,admin-settings::empty-case-type-list,no,36
openspec/specs/status-transition-engine/spec.md,the-tasks-arrive-with-the-status,,tests/e2e/checklist-per-status.spec.ts,"the tasks arrive with the status, and show in the Tasks pane",test,directive,yes,yes,resolves to a scenario,yes,status-transition-engine::the-tasks-arrive-with-the-status,yes,479
openspec/specs/status-transition-engine/spec.md,an-admins-free-form-move-brings-them-too,,tests/e2e/checklist-per-status.spec.ts,an admin's free-form move brings them too,test,directive,yes,yes,resolves to a scenario,yes,status-transition-engine::an-admins-free-form-move-brings-them-too,yes,510
openspec/specs/status-transition-engine/spec.md,back-to-intake-and-forward-again,,tests/e2e/checklist-per-status.spec.ts,back to intake and forward again keeps one set of tasks,test,directive,yes,yes,resolves to a scenario,yes,status-transition-engine::back-to-intake-and-forward-again,yes,534
openspec/specs/status-transition-engine/spec.md,the-button-says-which-item-is-open,,tests/e2e/checklist-per-status.spec.ts,the button says which item is still open,test,directive,yes,yes,resolves to a scenario,yes,status-transition-engine::the-button-says-which-item-is-open,yes,580
openspec/specs/status-transition-engine/spec.md,completing-the-task-frees-the-case,,tests/e2e/checklist-per-status.spec.ts,completing the task frees the case,test,directive,yes,yes,resolves to a scenario,yes,status-transition-engine::completing-the-task-frees-the-case,yes,603
openspec/specs/status-transition-engine/spec.md,an-optional-item-does-not-hold-the-case,,tests/e2e/checklist-per-status.spec.ts,an optional item does not hold the case,test,directive,yes,yes,resolves to a scenario,yes,status-transition-engine::an-optional-item-does-not-hold-the-case,yes,633
openspec/specs/status-transition-engine/spec.md,the-guard-fails-server-side-too,,tests/e2e/checklist-per-status.spec.ts,the guard refuses the move posted straight to the API,test,directive,yes,yes,resolves to a scenario,yes,status-transition-engine::the-guard-fails-server-side-too,yes,652
openspec/specs/dashboard/spec.md,scenario-fresh-session-lands-on-the-dashboard,,tests/e2e/dashboard-tiles.spec.ts,every KPI tile shows a number on the first load of a session,test,directive,yes,yes,resolves to a scenario,yes,dashboard::scenario-fresh-session-lands-on-the-dashboard,no,519
openspec/specs/dashboard/spec.md,scenario-your-tasks-appear-once-with-days-left,,tests/e2e/dashboard-tiles.spec.ts,"My work lists each of your open tasks once, with days left",test,directive,yes,yes,resolves to a scenario,yes,dashboard::scenario-your-tasks-appear-once-with-days-left,no,557
openspec/specs/dashboard/spec.md,scenario-you-complete-a-task-from-the-row,,tests/e2e/dashboard-tiles.spec.ts,"a My work row opens the task, which is where Pick up and Complete are",test,directive,yes,yes,resolves to a scenario,yes,dashboard::scenario-you-complete-a-task-from-the-row,yes,604
openspec/specs/signalering-widgets/spec.md,scenario-overdue-and-near-deadline-cases-share-one-table,,tests/e2e/dashboard-tiles.spec.ts,"Deadlines holds the overdue and the nearly due, overdue first and in red",test,directive,yes,yes,resolves to a scenario,yes,signalering-widgets::scenario-overdue-and-near-deadline-cases-share-one-table,no,622
openspec/specs/signalering-widgets/spec.md,scenario-closed-cases-stay-out,,tests/e2e/dashboard-tiles.spec.ts,"a closed case stays off Deadlines, however late it was",test,directive,yes,yes,resolves to a scenario,yes,signalering-widgets::scenario-closed-cases-stay-out,no,674
openspec/specs/dashboard/spec.md,scenario-view-all-from-the-deadlines-table,,tests/e2e/dashboard-tiles.spec.ts,View all on Deadlines opens the Cases list already filtered,test,directive,yes,yes,resolves to a scenario,yes,dashboard::scenario-view-all-from-the-deadlines-table,no,697
openspec/specs/signalering-widgets/spec.md,,,tests/e2e/dashboard-tiles.spec.ts,View all on Deadlines opens the Cases list already filtered,test,directive,yes,yes,no anchor: cites a whole spec file,no,,no,698
openspec/specs/dashboard/spec.md,scenario-dash-004c-overdue-panel-with-view-all-link,,tests/e2e/dashboard-tiles.spec.ts,View all on Deadlines opens the Cases list already filtered,test,directive,yes,yes,resolves to a scenario,yes,dashboard::scenario-dash-004c-overdue-panel-with-view-all-link,no,699
openspec/specs/dashboard/spec.md,scenario-draft-case-types-are-absent,,tests/e2e/dashboard-tiles.spec.ts,New case offers the published case type and not the draft,test,directive,yes,yes,resolves to a scenario,yes,dashboard::scenario-draft-case-types-are-absent,no,771
openspec/specs/dashboard/spec.md,fresh-session-lands-on-the-dashboard,,tests/e2e/pages.spec.ts,"the KPI tiles render numbers on a fresh load, not the widget fallback",test,directive,yes,yes,resolves to a scenario,yes,dashboard::fresh-session-lands-on-the-dashboard,no,65
openspec/specs/case-management/spec.md,cases-index-page-renders-list-shell,,tests/e2e/pages.spec.ts,renders list view with correct controls,test,directive,yes,yes,resolves to a scenario,yes,case-management::cases-index-page-renders-list-shell,no,89
openspec/specs/task-management/spec.md,view-the-global-task-list,,tests/e2e/pages.spec.ts,"renders list view with search and filters, and offers no Add",test,directive,yes,yes,resolves to a scenario,yes,task-management::view-the-global-task-list,no,241
openspec/specs/task-management/spec.md,view-the-global-task-list,,tests/e2e/pages.spec.ts,"the Subject column shows the case title, not its uuid",test,directive,yes,yes,resolves to a scenario,yes,task-management::view-the-global-task-list,no,274
openspec/specs/my-work/spec.md,scenario-card-and-table-view,,tests/e2e/pages.spec.ts,renders as a card index scoped to the current user,test,directive,yes,yes,resolves to a scenario,yes,my-work::scenario-card-and-table-view,yes,338
openspec/specs/doorlooptijd-dashboard/spec.md,doorlooptijd-page-renders-heading,,tests/e2e/pages.spec.ts,renders processing time analytics,test,directive,yes,yes,resolves to a scenario,yes,doorlooptijd-dashboard::doorlooptijd-page-renders-heading,no,358
openspec/specs/admin-settings/spec.md,admin-settings-page-is-accessible,,tests/e2e/spec-coverage/admin-settings.spec.ts,admin settings page is accessible to admin users,test,directive,yes,yes,resolves to a scenario,yes,admin-settings::admin-settings-page-is-accessible,no,84
openspec/specs/admin-settings/spec.md,regular-users-cannot-access-admin-settings,,tests/e2e/spec-coverage/admin-settings.spec.ts,a signed-in non-admin is refused the admin settings endpoint with 403,test,directive,yes,yes,resolves to a scenario,yes,admin-settings::regular-users-cannot-access-admin-settings,no,117
openspec/specs/admin-settings/spec.md,empty-case-type-list,,tests/e2e/spec-coverage/admin-settings.spec.ts,case type list renders its management surface and add control,test,directive,yes,yes,resolves to a scenario,yes,admin-settings::empty-case-type-list,no,198
openspec/specs/admin-settings/spec.md,add-a-new-case-type,,tests/e2e/spec-coverage/admin-settings.spec.ts,adding a case type opens the creation view and stores a draft by default,test,directive,yes,yes,resolves to a scenario,yes,admin-settings::add-a-new-case-type,no,240
openspec/changes/page-topology-cleanup/specs/avg-processing-surface/spec.md,scenario-procest-hosts-no-processing-activities-page,,tests/e2e/spec-coverage/avg-verwerkingenlogging.spec.ts,procest no longer hosts a processing-activities page,test,directive,yes,yes,"cites openspec/changes/**, which gate-19 does not parse",no,,no,103
openspec/changes/page-topology-cleanup/specs/avg-processing-surface/spec.md,scenario-the-capability-is-reachable-in-openregister,,tests/e2e/spec-coverage/avg-verwerkingenlogging.spec.ts,a case read is logged against a catalogued activity that carries a review status,test,directive,yes,yes,"cites openspec/changes/**, which gate-19 does not parse",no,,no,299
openspec/changes/page-topology-cleanup/specs/avg-processing-surface/spec.md,scenario-the-capability-is-reachable-in-openregister,,tests/e2e/spec-coverage/avg-verwerkingenlogging.spec.ts,the inzageverzoek export returns the logged read of that data subject,test,directive,yes,yes,"cites openspec/changes/**, which gate-19 does not parse",no,,no,366
openspec/specs/initiator-selection/spec.md,agent-picks-an-initiator-type,,tests/e2e/spec-coverage/brp-kvk-initiator.spec.ts,start-case flow offers Person / Company / Contact and stays skippable,test,directive,yes,yes,resolves to a scenario,yes,initiator-selection::agent-picks-an-initiator-type,no,341
openspec/specs/initiator-selection/spec.md,person-search-hits-the-brp-register-set,,tests/e2e/spec-coverage/brp-kvk-initiator.spec.ts,person search lists a seeded personen-mock persona with BSN,test,directive,yes,yes,resolves to a scenario,yes,initiator-selection::person-search-hits-the-brp-register-set,no,362
openspec/specs/initiator-selection/spec.md,company-search-hits-the-kvk-register-set,,tests/e2e/spec-coverage/brp-kvk-initiator.spec.ts,company search by pinned KvK number lists the fixture company,test,directive,yes,yes,resolves to a scenario,yes,initiator-selection::company-search-hits-the-kvk-register-set,no,379
openspec/specs/initiator-selection/spec.md,contacts-source-degrades-gracefully,,tests/e2e/spec-coverage/brp-kvk-initiator.spec.ts,"contact tab shows an explicit empty state, never an error toast",test,directive,yes,yes,resolves to a scenario,yes,initiator-selection::contacts-source-degrades-gracefully,no,395
openspec/specs/initiator-selection/spec.md,selection-persists-on-the-case,,tests/e2e/spec-coverage/brp-kvk-initiator.spec.ts,picked persona persists as projection and shows on case detail with source link,test,directive,yes,yes,resolves to a scenario,yes,initiator-selection::selection-persists-on-the-case,no,480
openspec/specs/initiator-display/spec.md,initiator-visible-on-the-case,,tests/e2e/spec-coverage/brp-kvk-initiator.spec.ts,picked persona persists as projection and shows on case detail with source link,test,directive,yes,yes,resolves to a scenario,yes,initiator-display::initiator-visible-on-the-case,no,481
openspec/specs/initiator-display/spec.md,no-initiator-no-clutter,,tests/e2e/spec-coverage/brp-kvk-initiator.spec.ts,a case created without initiator renders no initiator block,test,directive,yes,yes,resolves to a scenario,yes,initiator-display::no-initiator-no-clutter,no,529
openspec/specs/case-email-integration/spec.md,no-per-user-smtp-send-configuration-is-exposed,,tests/e2e/spec-coverage/case-email-integration.spec.ts,shared-mailbox settings render without per-user SMTP send fields,test,directive,yes,yes,resolves to a scenario,yes,case-email-integration::no-per-user-smtp-send-configuration-is-exposed,no,32
openspec/specs/deelzaak-support/spec.md,case-list-shows-sub-case-count,deelzaak-support::case-list-shows-sub-case-count,tests/e2e/spec-coverage/deelzaak-support.spec.ts,"the case list shows a sub-case badge, and only on a parent",test,directive,yes,yes,short form (spec::slug),yes,deelzaak-support::case-list-shows-sub-case-count,no,264
openspec/specs/deelzaak-support/spec.md,case-without-sub-cases-has-no-badge,deelzaak-support::case-without-sub-cases-has-no-badge,tests/e2e/spec-coverage/deelzaak-support.spec.ts,"the case list shows a sub-case badge, and only on a parent",test,directive,yes,yes,short form (spec::slug),yes,deelzaak-support::case-without-sub-cases-has-no-badge,no,265
openspec/specs/deelzaak-support/spec.md,sub-case-counts-batch-loaded-per-page,deelzaak-support::sub-case-counts-batch-loaded-per-page,tests/e2e/spec-coverage/deelzaak-support.spec.ts,"the case list shows a sub-case badge, and only on a parent",test,directive,yes,yes,short form (spec::slug),yes,deelzaak-support::sub-case-counts-batch-loaded-per-page,no,266
openspec/specs/deelzaak-support/spec.md,delete-parent-case-with-sub-cases-shows-warning,deelzaak-support::delete-parent-case-with-sub-cases-shows-warning,tests/e2e/spec-coverage/deelzaak-support.spec.ts,the sub-cases page warns about orphans for a parent with sub-cases,test,directive,yes,yes,short form (spec::slug),yes,deelzaak-support::delete-parent-case-with-sub-cases-shows-warning,no,340
openspec/specs/deelzaak-support/spec.md,delete-case-without-sub-cases-proceeds-normally,deelzaak-support::delete-case-without-sub-cases-proceeds-normally,tests/e2e/spec-coverage/deelzaak-support.spec.ts,a parent with no sub-cases takes the plain delete confirmation,test,directive,yes,yes,short form (spec::slug),yes,deelzaak-support::delete-case-without-sub-cases-proceeds-normally,no,408
openspec/specs/deelzaak-support/spec.md,parent-case-shows-sub-cases-list,deelzaak-support::parent-case-shows-sub-cases-list,tests/e2e/spec-coverage/deelzaak-support.spec.ts,the Sub-cases tab renders either a list or an empty state without error,test,directive,yes,yes,short form (spec::slug),yes,deelzaak-support::parent-case-shows-sub-cases-list,no,460
openspec/specs/deelzaak-support/spec.md,parent-case-with-no-sub-cases-shows-empty-state,deelzaak-support::parent-case-with-no-sub-cases-shows-empty-state,tests/e2e/spec-coverage/deelzaak-support.spec.ts,the Sub-cases tab renders either a list or an empty state without error,test,directive,yes,yes,short form (spec::slug),yes,deelzaak-support::parent-case-with-no-sub-cases-shows-empty-state,no,461
openspec/specs/deelzaak-support/spec.md,sub-case-shows-parent-breadcrumb,deelzaak-support::sub-case-shows-parent-breadcrumb,tests/e2e/spec-coverage/deelzaak-support.spec.ts,opening a sub-case shows the parent breadcrumb and the list shows a completion roll-up,test,directive,yes,yes,short form (spec::slug),yes,deelzaak-support::sub-case-shows-parent-breadcrumb,no,493
openspec/specs/deelzaak-support/spec.md,top-level-case-has-no-breadcrumb,deelzaak-support::top-level-case-has-no-breadcrumb,tests/e2e/spec-coverage/deelzaak-support.spec.ts,opening a sub-case shows the parent breadcrumb and the list shows a completion roll-up,test,directive,yes,yes,short form (spec::slug),yes,deelzaak-support::top-level-case-has-no-breadcrumb,no,494
openspec/specs/deelzaak-support/spec.md,roll-up-shows-completion-progress,deelzaak-support::roll-up-shows-completion-progress,tests/e2e/spec-coverage/deelzaak-support.spec.ts,opening a sub-case shows the parent breadcrumb and the list shows a completion roll-up,test,directive,yes,yes,short form (spec::slug),yes,deelzaak-support::roll-up-shows-completion-progress,no,495
openspec/specs/deelzaak-support/spec.md,roll-up-with-no-completed-sub-cases,deelzaak-support::roll-up-with-no-completed-sub-cases,tests/e2e/spec-coverage/deelzaak-support.spec.ts,opening a sub-case shows the parent breadcrumb and the list shows a completion roll-up,test,directive,yes,yes,short form (spec::slug),yes,deelzaak-support::roll-up-with-no-completed-sub-cases,no,496
openspec/specs/deelzaak-support/spec.md,create-sub-case-from-parent-case-detail,deelzaak-support::create-sub-case-from-parent-case-detail,tests/e2e/spec-coverage/deelzaak-support.spec.ts,"an eligible parent offers Create sub-case, filtered to its own subCaseTypes, and the created case carries parentCase",test,directive,yes,yes,short form (spec::slug),yes,deelzaak-support::create-sub-case-from-parent-case-detail,no,812
openspec/specs/deelzaak-support/spec.md,sub-case-creation-blocked-when-parent-has-no-sub-case-types,deelzaak-support::sub-case-creation-blocked-when-parent-has-no-sub-case-types,tests/e2e/spec-coverage/deelzaak-support.spec.ts,a parent whose case type allows no sub-case types is refused server-side and offers no Create control,test,directive,yes,yes,short form (spec::slug),yes,deelzaak-support::sub-case-creation-blocked-when-parent-has-no-sub-case-types,no,880
openspec/specs/deelzaak-support/spec.md,sub-case-creation-blocked-when-parent-case-is-closed,deelzaak-support::sub-case-creation-blocked-when-parent-case-is-closed,tests/e2e/spec-coverage/deelzaak-support.spec.ts,a closed parent is refused server-side and offers no Create control,test,directive,yes,yes,short form (spec::slug),yes,deelzaak-support::sub-case-creation-blocked-when-parent-case-is-closed,no,902
openspec/specs/deelzaak-support/spec.md,sub-case-of-sub-case-is-prohibited,deelzaak-support::sub-case-of-sub-case-is-prohibited,tests/e2e/spec-coverage/deelzaak-support.spec.ts,a case that is itself a sub-case is refused server-side and offers no Create control,test,directive,yes,yes,short form (spec::slug),yes,deelzaak-support::sub-case-of-sub-case-is-prohibited,no,926
openspec/specs/deelzaak-support/spec.md,delete-parent-case-with-sub-cases-shows-warning,deelzaak-support::delete-parent-case-with-sub-cases-shows-warning,tests/e2e/spec-coverage/deelzaak-support.spec.ts,deleting a parent with sub-cases warns about the orphans and nulls parentCase on every child,test,directive,yes,yes,short form (spec::slug),yes,deelzaak-support::delete-parent-case-with-sub-cases-shows-warning,no,951
openspec/specs/deelzaak-support/spec.md,delete-case-without-sub-cases-proceeds-normally,deelzaak-support::delete-case-without-sub-cases-proceeds-normally,tests/e2e/spec-coverage/deelzaak-support.spec.ts,"deleting a case with no sub-cases takes the plain confirmation, with no orphan warning",test,directive,yes,yes,short form (spec::slug),yes,deelzaak-support::delete-case-without-sub-cases-proceeds-normally,no,996
openspec/specs/document-zaakdossier/spec.md,req-zak-004a-dossier-groups-documents-by-type-with-count-badge,,tests/e2e/spec-coverage/document-zaakdossier.spec.ts,cases index renders so a case dossier tab can be opened,test,directive,yes,yes,resolves to a scenario,yes,document-zaakdossier::req-zak-004a-dossier-groups-documents-by-type-with-count-badge,no,62
openspec/specs/document-zaakdossier/spec.md,req-zak-004b-empty-dossier-shows-upload-cta-with-drag-and-drop-zone,,tests/e2e/spec-coverage/document-zaakdossier.spec.ts,cases index renders so a case dossier tab can be opened,test,directive,yes,yes,resolves to a scenario,yes,document-zaakdossier::req-zak-004b-empty-dossier-shows-upload-cta-with-drag-and-drop-zone,no,63
openspec/specs/document-zaakdossier/spec.md,req-zak-004c-sort-and-filter-controls-work-per-column,,tests/e2e/spec-coverage/document-zaakdossier.spec.ts,"dossier sort and per-file progress are not observable here, blocked by #764",test,directive,no,yes,resolves to a scenario,no (test does not run),document-zaakdossier::req-zak-004c-sort-and-filter-controls-work-per-column,no,80
openspec/specs/document-zaakdossier/spec.md,req-zak-005b-per-file-upload-progress-with-shared-metadata,,tests/e2e/spec-coverage/document-zaakdossier.spec.ts,"dossier sort and per-file progress are not observable here, blocked by #764",test,directive,no,yes,resolves to a scenario,no (test does not run),document-zaakdossier::req-zak-005b-per-file-upload-progress-with-shared-metadata,no,81
openspec/specs/document-zaakdossier/spec.md,req-zak-006a-concept-document-version-history-shows-restore,,tests/e2e/spec-coverage/document-zaakdossier.spec.ts,"version history needs a multi-version document, blocked by #764",test,directive,no,yes,resolves to a scenario,no (test does not run),document-zaakdossier::req-zak-006a-concept-document-version-history-shows-restore,no,109
openspec/specs/document-zaakdossier/spec.md,req-zak-008a-zip-export-includes-manifestcsv-and-type-sub-folders,,tests/e2e/spec-coverage/document-zaakdossier.spec.ts,"ZIP export contents are not asserted in the browser, blocked by #764",test,directive,no,yes,resolves to a scenario,no (test does not run),document-zaakdossier::req-zak-008a-zip-export-includes-manifestcsv-and-type-sub-folders,no,141
openspec/specs/document-zaakdossier/spec.md,req-zak-005c-file-validation-blocks-executable-uploads,,tests/e2e/spec-coverage/document-zaakdossier.spec.ts,"an executable is refused before storage, by extension and by magic bytes alike",test,directive,yes,yes,resolves to a scenario,yes,document-zaakdossier::req-zak-005c-file-validation-blocks-executable-uploads,no,326
openspec/specs/document-zaakdossier/spec.md,req-zak-005a-drag-drop-triggers-metadata-dialog-before-upload,,tests/e2e/spec-coverage/document-zaakdossier.spec.ts,the metadata dialog lists every selected file and issues no upload while required fields are empty,test,directive,yes,yes,resolves to a scenario,yes,document-zaakdossier::req-zak-005a-drag-drop-triggers-metadata-dialog-before-upload,no,410
openspec/specs/document-zaakdossier/spec.md,req-zak-008c-bulk-status-transition-returns-per-document-result,,tests/e2e/spec-coverage/document-zaakdossier.spec.ts,"a bulk status transition answers per document, and the register agrees with every verdict",test,directive,yes,yes,resolves to a scenario,yes,document-zaakdossier::req-zak-008c-bulk-status-transition-returns-per-document-result,no,535
openspec/specs/doorlooptijd-dashboard/spec.md,doorlooptijd-page-renders-heading,,tests/e2e/spec-coverage/doorlooptijd-dashboard.spec.ts,renders the processing time page heading on navigation,test,directive,yes,yes,resolves to a scenario,yes,doorlooptijd-dashboard::doorlooptijd-page-renders-heading,no,85
openspec/specs/doorlooptijd-dashboard/spec.md,no-cases-exist,,tests/e2e/spec-coverage/doorlooptijd-dashboard.spec.ts,shows empty state when no case data is available,test,directive,yes,yes,resolves to a scenario,yes,doorlooptijd-dashboard::no-cases-exist,no,123
openspec/specs/gis-integration/spec.md,cases-on-map-view-renders-the-map-dashboard,,tests/e2e/spec-coverage/gis-integration.spec.ts,the cases-on-map view renders its filter sidebar and counts the located cases,test,directive,yes,yes,resolves to a scenario,yes,gis-integration::cases-on-map-view-renders-the-map-dashboard,no,87
openspec/specs/gis-integration/spec.md,cases-on-map-view-renders-the-map-dashboard,,tests/e2e/spec-coverage/gis-integration.spec.ts,an unreachable case backend surfaces a notice instead of a broken page,test,directive,yes,yes,resolves to a scenario,yes,gis-integration::cases-on-map-view-renders-the-map-dashboard,no,112
openspec/specs/handler-vervanging-waarneming/spec.md,self-substitution-is-rejected,,tests/e2e/spec-coverage/handler-vervanging-waarneming.spec.ts,"a substitution naming one user as both absentee and substitute is refused, and writes nothing",test,directive,yes,yes,resolves to a scenario,yes,handler-vervanging-waarneming::self-substitution-is-rejected,no,423
openspec/specs/handler-vervanging-waarneming/spec.md,handler-registers-their-own-substitution,,tests/e2e/spec-coverage/handler-vervanging-waarneming.spec.ts,"a handler registering their own substitution stores the pair, an active status and themselves as creator",test,directive,yes,yes,resolves to a scenario,yes,handler-vervanging-waarneming::handler-registers-their-own-substitution,no,507
openspec/specs/handler-vervanging-waarneming/spec.md,coordinator-registers-a-substitution-on-behalf-of-an-absent-handler,,tests/e2e/spec-coverage/handler-vervanging-waarneming.spec.ts,"a coordinator registers for an absent handler and the row names the coordinator as creator, where an ordinary user is refused",test,directive,yes,yes,resolves to a scenario,yes,handler-vervanging-waarneming::coordinator-registers-a-substitution-on-behalf-of-an-absent-handler,no,585
openspec/specs/handler-vervanging-waarneming/spec.md,bulk-reassignment-is-coordinator-only,,tests/e2e/spec-coverage/handler-vervanging-waarneming.spec.ts,a signed-in user without the coordinator role is refused both reassignment endpoints,test,directive,yes,yes,resolves to a scenario,yes,handler-vervanging-waarneming::bulk-reassignment-is-coordinator-only,no,662
openspec/specs/handler-vervanging-waarneming/spec.md,preview-before-execution,,tests/e2e/spec-coverage/handler-vervanging-waarneming.spec.ts,the coordinator preview lists the departing handler open work and mutates nothing,test,directive,yes,yes,resolves to a scenario,yes,handler-vervanging-waarneming::preview-before-execution,no,734
openspec/specs/handler-vervanging-waarneming/spec.md,scope-limited-substitution-only-routes-matching-items,,tests/e2e/spec-coverage/handler-vervanging-waarneming.spec.ts,a caseTypes-scoped substitution routes the covered type and withholds the rest,test,directive,yes,yes,resolves to a scenario,yes,handler-vervanging-waarneming::scope-limited-substitution-only-routes-matching-items,no,823
openspec/specs/handler-vervanging-waarneming/spec.md,all-actions-under-a-substitution-are-queryable,,tests/e2e/spec-coverage/handler-vervanging-waarneming.spec.ts,"every capacity-stamped action under a substitution is returned, in chronological order",test,directive,yes,yes,resolves to a scenario,yes,handler-vervanging-waarneming::all-actions-under-a-substitution-are-queryable,no,859
openspec/changes/page-topology-cleanup/specs/avg-processing-surface/spec.md,scenario-procest-hosts-no-processing-activities-page,,tests/e2e/spec-coverage/integrations-and-flows.spec.ts,no sidebar link points into another app,test,directive,yes,yes,"cites openspec/changes/**, which gate-19 does not parse",no,,no,115
openspec/changes/page-topology-cleanup/specs/ai-oversight-surface/spec.md,scenario-procest-hosts-no-ai-oversight-pages,,tests/e2e/spec-coverage/integrations-and-flows.spec.ts,no sidebar link points into another app,test,directive,yes,yes,"cites openspec/changes/**, which gate-19 does not parse",no,,no,116
openspec/changes/page-topology-cleanup/specs/avg-processing-surface/spec.md,scenario-procest-hosts-no-processing-activities-page,,tests/e2e/spec-coverage/integrations-and-flows.spec.ts,the AVG and AI-oversight entries are gone from the navigation,test,directive,yes,yes,"cites openspec/changes/**, which gate-19 does not parse",no,,no,136
openspec/changes/page-topology-cleanup/specs/admin-settings-surface/spec.md,scenario-no-duplicate-configuration-entries,,tests/e2e/spec-coverage/integrations-and-flows.spec.ts,exactly one entry links to the administration surface,test,directive,yes,yes,"cites openspec/changes/**, which gate-19 does not parse",no,,no,145
openspec/changes/page-topology-cleanup/specs/automatic-actions-surface/spec.md,scenario-flows-are-authored-in-the-app,,tests/e2e/spec-coverage/integrations-and-flows.spec.ts,the settings menu has a Flows entry pointing at an in-app route,test,directive,yes,yes,"cites openspec/changes/**, which gate-19 does not parse",no,,no,161
openspec/changes/page-topology-cleanup/specs/automatic-actions-surface/spec.md,scenario-flows-are-authored-in-the-app,,tests/e2e/spec-coverage/integrations-and-flows.spec.ts,/flows renders this app's own flow surface,test,directive,yes,yes,"cites openspec/changes/**, which gate-19 does not parse",no,,no,176
openspec/changes/page-topology-cleanup/specs/automatic-actions-surface/spec.md,scenario-flows-are-authored-in-the-app,,tests/e2e/spec-coverage/integrations-and-flows.spec.ts,/flows/new renders the flow canvas,test,directive,yes,yes,"cites openspec/changes/**, which gate-19 does not parse",no,,no,189
openspec/specs/case-types/spec.md,,,tests/e2e/spec-coverage/integrations-and-flows.spec.ts,the settings menu has a Case types entry,test,directive,yes,yes,no anchor: cites a whole spec file,no,,no,209
openspec/specs/case-types/spec.md,,,tests/e2e/spec-coverage/integrations-and-flows.spec.ts,the case types index renders its own create control,test,directive,yes,yes,no anchor: cites a whole spec file,no,,no,220
openspec/specs/dashboard/spec.md,scenario-dash-v1-006f-keyboard-only-status-transition-new,,tests/e2e/spec-coverage/kanban-board-keyboard-status-transition.spec.ts,"a case card exposes a keyboard-operable ""Move to…"" menu",test,directive,yes,yes,resolves to a scenario,yes,dashboard::scenario-dash-v1-006f-keyboard-only-status-transition-new,no,145
openspec/specs/dashboard/spec.md,scenario-dash-v1-006g-drag-path-unchanged-new,,tests/e2e/spec-coverage/kanban-board-keyboard-status-transition.spec.ts,case cards remain draggable for mouse/touch users,test,directive,yes,yes,resolves to a scenario,yes,dashboard::scenario-dash-v1-006g-drag-path-unchanged-new,no,174
openspec/specs/kcc-werkplek-zaaksysteem-bridge/spec.md,kcc-integration-settings-render-and-persist,,tests/e2e/spec-coverage/kcc-werkplek-zaaksysteem-bridge.spec.ts,the identification threshold and sentiment trigger words save through /api/settings,test,directive,yes,yes,resolves to a scenario,yes,kcc-werkplek-zaaksysteem-bridge::kcc-integration-settings-render-and-persist,no,157
openspec/specs/kcc-werkplek-zaaksysteem-bridge/spec.md,kcc-integration-settings-render-and-persist,,tests/e2e/spec-coverage/kcc-werkplek-zaaksysteem-bridge.spec.ts,the voorblad limit and belplan overflow threshold save through /api/settings,test,directive,yes,yes,resolves to a scenario,yes,kcc-werkplek-zaaksysteem-bridge::kcc-integration-settings-render-and-persist,no,195
openspec/specs/my-work/spec.md,scenario-card-and-table-view,,tests/e2e/spec-coverage/my-work.spec.ts,shows the current user's assigned cases as a card list,test,directive,yes,yes,resolves to a scenario,yes,my-work::scenario-card-and-table-view,yes,22
openspec/specs/my-work/spec.md,scenario-card-and-table-view,,tests/e2e/spec-coverage/my-work.spec.ts,view mode can be switched between cards and table,test,directive,yes,yes,resolves to a scenario,yes,my-work::scenario-card-and-table-view,yes,41
openspec/specs/pdok-consumer/spec.md,scenario-suggest-call-reaches-openconnector-instead-of-api-pdok-nl,,tests/e2e/spec-coverage/pdok-via-openconnector.spec.ts,"suggest reaches the openconnector endpoint, never api.pdok.nl",test,directive,yes,yes,the anchor matches no scenario in that spec,no,pdok-consumer::scenario-suggest-call-reaches-openconnector-instead-of-api-pdok-nl,no,111
openspec/specs/pdok-consumer/spec.md,scenario-503-response-resolves-with-null-and-surfaces-message_key,,tests/e2e/spec-coverage/pdok-via-openconnector.spec.ts,503 from openconnector degrades gracefully without throwing,test,directive,yes,yes,the anchor matches no scenario in that spec,no,pdok-consumer::scenario-503-response-resolves-with-null-and-surfaces-message_key,no,183
openspec/specs/pdok-consumer/spec.md,scenario-openconnector-absent-surfaces-warning-without-blocking-form,,tests/e2e/spec-coverage/pdok-via-openconnector.spec.ts,404 (openconnector absent) does not block the page,test,directive,yes,yes,resolves to a scenario,yes,pdok-consumer::scenario-openconnector-absent-surfaces-warning-without-blocking-form,no,230
openspec/specs/pdok-consumer/spec.md,scenario-all-six-functions-are-exported-with-unchanged-signatures,,tests/e2e/spec-coverage/pdok-via-openconnector.spec.ts,seeded OR addresses are retrievable without PDOK/openconnector being available,test,directive,yes,yes,resolves to a scenario,yes,pdok-consumer::scenario-all-six-functions-are-exported-with-unchanged-signatures,no,272
openspec/specs/add-work-queue/spec.md,the-queue-holds-unassigned-open-cases,,tests/e2e/spec-coverage/queue.spec.ts,the queue page renders for a deep link,test,directive,yes,yes,resolves to a scenario,yes,add-work-queue::the-queue-holds-unassigned-open-cases,no,51
openspec/specs/add-work-queue/spec.md,the-queue-holds-unassigned-open-cases,,tests/e2e/spec-coverage/queue.spec.ts,an assigned case is on the case index and NOT in the queue,test,directive,yes,yes,resolves to a scenario,yes,add-work-queue::the-queue-holds-unassigned-open-cases,no,68
openspec/specs/add-work-queue/spec.md,an-empty-queue-says-so,,tests/e2e/spec-coverage/queue.spec.ts,"an empty result renders the empty state, not a bare table",test,directive,yes,yes,resolves to a scenario,yes,add-work-queue::an-empty-queue-says-so,no,123
openspec/specs/add-work-queue/spec.md,the-queue-narrows-by-case-type,,tests/e2e/spec-coverage/queue.spec.ts,the case-type sidebar narrows the queue,test,directive,yes,yes,resolves to a scenario,yes,add-work-queue::the-queue-narrows-by-case-type,no,141
openspec/specs/related-case-linking/spec.md,section-lists-relations-with-navigation,,tests/e2e/spec-coverage/related-case-linking.spec.ts,the Related cases panel lists a relation,test,directive,yes,yes,resolves to a scenario,yes,related-case-linking::section-lists-relations-with-navigation,yes,109
openspec/changes/page-topology-cleanup/proposal.md,,,tests/e2e/spec-coverage/retired-surfaces.spec.ts,the retired route no longer renders an automatic-actions view,test,directive,yes,yes,no anchor: cites a whole spec file,no,,no,38
openspec/changes/page-topology-cleanup/proposal.md,,,tests/e2e/spec-coverage/retired-surfaces.spec.ts,the agenda compiler route no longer renders its view,test,directive,yes,yes,no anchor: cites a whole spec file,no,,no,84
openspec/specs/semantic-case-intake/spec.md,behandelaar-sees-the-handoff-case-with-origin,,tests/e2e/spec-coverage/semantic-case-intake.spec.ts,case detail shows the handoff provenance with a source link,test,directive,yes,yes,resolves to a scenario,yes,semantic-case-intake::behandelaar-sees-the-handoff-case-with-origin,no,65
openspec/specs/dossiq-store-surface/spec.md,,,tests/e2e/spec-coverage/store-surface.spec.ts,the store entry sits in the footer between Documentation and Reports,test,directive,yes,yes,no anchor: cites a whole spec file,no,,no,28
openspec/specs/dossiq-store-surface/spec.md,,,tests/e2e/spec-coverage/store-surface.spec.ts,an unconfigured instance renders the built-in templates and calls no registry,test,directive,yes,yes,no anchor: cites a whole spec file,no,,no,67
openspec/specs/dossiq-store-surface/spec.md,,,tests/e2e/spec-coverage/store-surface.spec.ts,the store page is reachable by direct link,test,directive,yes,yes,no anchor: cites a whole spec file,no,,no,114
openspec/specs/case-types/spec.md,a-migrated-scheme-carries-its-fields-not-just-its-name,case-types::a-migrated-scheme-carries-its-fields-not-just-its-name,tests/e2e/spec-coverage/subsidieregeling-is-a-casetype.spec.ts,"both schemes exist as case types, with their fields carried",test,directive,yes,yes,short form (spec::slug),yes,case-types::a-migrated-scheme-carries-its-fields-not-just-its-name,no,105
openspec/specs/case-types/spec.md,the-decision-term-becomes-a-duration-not-an-integer,case-types::the-decision-term-becomes-a-duration-not-an-integer,tests/e2e/spec-coverage/subsidieregeling-is-a-casetype.spec.ts,"requestTermWeeks became an ISO-8601 duration, not a bare integer",test,directive,yes,yes,short form (spec::slug),yes,case-types::the-decision-term-becomes-a-duration-not-an-integer,no,140
openspec/specs/case-types/spec.md,an-enum-property-keeps-its-allowed-values,case-types::an-enum-property-keeps-its-allowed-values,tests/e2e/spec-coverage/subsidieregeling-is-a-casetype.spec.ts,the enum property kept its allowed values instead of flattening,test,directive,yes,yes,short form (spec::slug),yes,case-types::an-enum-property-keeps-its-allowed-values,no,161
openspec/specs/case-types/spec.md,the-grant-specific-properties-survive-as-property-definitions,case-types::the-grant-specific-properties-survive-as-property-definitions,tests/e2e/spec-coverage/subsidieregeling-is-a-casetype.spec.ts,the grant-specific properties came across as property definitions,test,directive,yes,yes,short form (spec::slug),yes,case-types::the-grant-specific-properties-survive-as-property-definitions,no,195
openspec/specs/case-types/spec.md,the-menu-offers-case-types-and-not-subsidy-schemes,case-types::the-menu-offers-case-types-and-not-subsidy-schemes,tests/e2e/spec-coverage/subsidieregeling-is-a-casetype.spec.ts,the Subsidy schemes menu entry is gone,test,directive,yes,yes,short form (spec::slug),yes,case-types::the-menu-offers-case-types-and-not-subsidy-schemes,no,216
openspec/specs/case-types/spec.md,the-retired-route-falls-through-rather-than-erroring,case-types::the-retired-route-falls-through-rather-than-erroring,tests/e2e/spec-coverage/subsidieregeling-is-a-casetype.spec.ts,the retired route no longer renders a scheme index,test,directive,yes,yes,short form (spec::slug),yes,case-types::the-retired-route-falls-through-rather-than-erroring,no,246
openspec/specs/task-management/spec.md,view-the-global-task-list,,tests/e2e/spec-coverage/task-management.spec.ts,"global task list page renders its rows and columns, and offers no add button",test,directive,yes,yes,resolves to a scenario,yes,task-management::view-the-global-task-list,no,72
openspec/specs/dashboard/spec.md,dashboard-page-renders-heading-and-widget-grid,,tests/e2e/spec-coverage/ui-pages.spec.ts,dashboard renders the manifest widget grid shell,test,directive,yes,yes,resolves to a scenario,yes,dashboard::dashboard-page-renders-heading-and-widget-grid,no,32
openspec/specs/case-management/spec.md,cases-index-page-renders-list-shell,,tests/e2e/spec-coverage/ui-pages.spec.ts,cases index renders list shell,test,directive,yes,yes,resolves to a scenario,yes,case-management::cases-index-page-renders-list-shell,no,88
openspec/specs/doorlooptijd-dashboard/spec.md,doorlooptijd-page-renders-heading,,tests/e2e/spec-coverage/ui-pages.spec.ts,doorlooptijd renders processing-time analytics heading,test,directive,yes,yes,resolves to a scenario,yes,doorlooptijd-dashboard::doorlooptijd-page-renders-heading,no,108
openspec/specs/my-work/spec.md,,,tests/e2e/spec-coverage/work-navigation.spec.ts,"the work group is named after the work, and holds all five surfaces",test,directive,yes,yes,no anchor: cites a whole spec file,no,,no,32
openspec/specs/my-work/spec.md,,,tests/e2e/spec-coverage/work-navigation.spec.ts,the retired labels are gone,test,directive,yes,yes,no anchor: cites a whole spec file,no,,no,55
openspec/specs/nav-dedup-and-grouping/spec.md,,,tests/e2e/spec-coverage/work-navigation.spec.ts,"Contacts is a top-level domain, not a sixth work surface",test,directive,yes,yes,no anchor: cites a whole spec file,no,,no,78
openspec/specs/my-work/spec.md,,,tests/e2e/spec-coverage/work-navigation.spec.ts,the cases page stays reachable by direct link,test,directive,yes,yes,no anchor: cites a whole spec file,no,,no,100
openspec/specs/visual-workflow-editor/spec.md,scenario-open-workflow-editor-for-a-case-type,,tests/e2e/spec-coverage/workflow-editor-canvas.spec.ts,the Workflow tab renders the canonical canvas with the configured nodes and transitions,test,directive,yes,yes,resolves to a scenario,yes,visual-workflow-editor::scenario-open-workflow-editor-for-a-case-type,yes,211
openspec/specs/visual-workflow-editor/spec.md,scenario-keyboard-node-selection,,tests/e2e/spec-coverage/workflow-editor-canvas.spec.ts,a status node on the canvas is keyboard-focusable and exposes a keyboard-operable actions menu,test,directive,yes,yes,resolves to a scenario,yes,visual-workflow-editor::scenario-keyboard-node-selection,yes,237
openspec/specs/visual-workflow-editor/spec.md,scenario-keyboard-add-status-node,,tests/e2e/spec-coverage/workflow-editor-canvas.spec.ts,"the palette ""Add status node"" button adds a status from the keyboard",test,directive,yes,yes,resolves to a scenario,yes,visual-workflow-editor::scenario-keyboard-add-status-node,yes,277
openspec/specs/case-map-overview/spec.md,scenario-overview-01a-display-all-cases-on-map,,tests/e2e/spec-coverage/workflow-operations.spec.ts,"the map plots every case that carries geometry, and only those",test,directive,yes,yes,resolves to a scenario,yes,case-map-overview::scenario-overview-01a-display-all-cases-on-map,no,231
openspec/specs/case-types/spec.md,the-retired-route-falls-through-rather-than-erroring,,tests/e2e/spec-coverage/workflow-operations.spec.ts,the retired scheme index is gone and Case types took it over,test,directive,yes,yes,resolves to a scenario,yes,case-types::the-retired-route-falls-through-rather-than-erroring,no,394
openspec/specs/features-roadmap/spec.md,features-page-renders-controls,,tests/e2e/spec-coverage/workflow-operations.spec.ts,features & roadmap renders heading and its action controls,test,directive,yes,yes,resolves to a scenario,yes,features-roadmap::features-page-renders-controls,no,412
openspec/specs/inspection-checklists/spec.md,the-cases-assignee-submits-a-result,,tests/e2e/vth-inspection-result-authz.spec.ts,the stored assignee may submit,test,directive,yes,yes,resolves to a scenario,yes,inspection-checklists::the-cases-assignee-submits-a-result,yes,398
openspec/specs/inspection-checklists/spec.md,a-submitted-result-is-readable-back,,tests/e2e/vth-inspection-result-authz.spec.ts,the stored assignee may submit,test,directive,yes,yes,resolves to a scenario,yes,inspection-checklists::a-submitted-result-is-readable-back,yes,399
openspec/specs/inspection-checklists/spec.md,another-authenticated-account-is-refused,,tests/e2e/vth-inspection-result-authz.spec.ts,a different authenticated account is refused,test,directive,yes,yes,resolves to a scenario,yes,inspection-checklists::another-authenticated-account-is-refused,yes,492
openspec/specs/inspection-checklists/spec.md,omitting-the-inspector-field-does-not-skip-the-check,,tests/e2e/vth-inspection-result-authz.spec.ts,omitting the inspector field does not skip the check,test,directive,yes,yes,resolves to a scenario,yes,inspection-checklists::omitting-the-inspector-field-does-not-skip-the-check,yes,507
openspec/specs/inspection-checklists/spec.md,creating-an-advice-request-is-authorized-the-same-way,,tests/e2e/vth-inspection-result-authz.spec.ts,the sibling advice endpoint refuses the same account,test,directive,yes,yes,resolves to a scenario,yes,inspection-checklists::creating-an-advice-request-is-authorized-the-same-way,yes,541
openspec/specs/status-transition-engine/spec.md,scenario-successful-transition-with-audit-trail,,tests/e2e/workflows/case-lifecycle.spec.ts,advancing a case status persists and renders the new status,test,directive,yes,yes,resolves to a scenario,yes,status-transition-engine::scenario-successful-transition-with-audit-trail,yes,160
openspec/specs/dashboard/spec.md,scenario-dash-v1-006a-board-columns-reflect-status-types,,tests/e2e/workflows/case-lifecycle.spec.ts,"the workflow board renders one column per non-final status type, in order, with its case count",test,directive,yes,yes,resolves to a scenario,yes,dashboard::scenario-dash-v1-006a-board-columns-reflect-status-types,no,208
openspec/specs/status-transition-engine/spec.md,scenario-successful-transition-with-audit-trail,,tests/e2e/workflows/case-lifecycle.spec.ts,"engine offers transitions, records history, and BLOCKS an invalid transition",test,directive,yes,yes,resolves to a scenario,yes,status-transition-engine::scenario-successful-transition-with-audit-trail,yes,296
openspec/specs/case-management/spec.md,cases-index-page-renders-list-shell,,tests/e2e/workflows/cases-crud.spec.ts,a seeded case appears as a row with its title and identifier,test,directive,yes,yes,resolves to a scenario,yes,case-management::cases-index-page-renders-list-shell,no,113
openspec/specs/case-management/spec.md,scenario-cm-06a-case-info-panel,,tests/e2e/workflows/cases-crud.spec.ts,opening the row shows the case detail with its values,test,directive,yes,yes,resolves to a scenario,yes,case-management::scenario-cm-06a-case-info-panel,no,170
